Doc_608	Doc_609	1
Doc_608	Doc_610	0
Doc_608	Doc_611	0
Doc_608	Doc_612	0
Doc_608	Doc_613	0
Doc_608	Doc_614	0
Doc_608	Doc_615	1
Doc_608	Doc_616	0
Doc_608	Doc_617	0
Doc_608	Doc_618	0
Doc_608	Doc_619	0
Doc_608	Doc_620	0
Doc_608	Doc_621	1
Doc_608	Doc_622	0
Doc_608	Doc_623	0
Doc_608	Doc_624	0
Doc_608	Doc_625	0
Doc_608	Doc_626	0
Doc_608	Doc_627	1
Doc_608	Doc_628	0
Doc_608	Doc_629	0
Doc_608	Doc_630	0
Doc_608	Doc_631	0
Doc_608	Doc_632	0
Doc_608	Doc_633	1
Doc_608	Doc_634	0
Doc_608	Doc_635	0
Doc_608	Doc_636	0
Doc_608	Doc_637	0
Doc_608	Doc_638	0
Doc_608	Doc_639	1
Doc_608	Doc_640	0
Doc_608	Doc_641	0
Doc_608	Doc_642	0
Doc_608	Doc_643	0
Doc_608	Doc_644	0
Doc_608	Doc_645	1
Doc_608	Doc_646	0
Doc_608	Doc_647	0
Doc_608	Doc_648	0
Doc_608	Doc_649	0
Doc_608	Doc_650	0
Doc_608	Doc_651	1
Doc_608	Doc_652	0
Doc_608	Doc_653	0
Doc_608	Doc_654	0
Doc_608	Doc_655	0
Doc_608	Doc_656	0
Doc_657	Doc_658	1
Doc_657	Doc_659	0
Doc_657	Doc_660	0
Doc_657	Doc_661	0
Doc_657	Doc_662	0
Doc_657	Doc_663	0
Doc_657	Doc_664	1
Doc_657	Doc_665	0
Doc_657	Doc_666	0
Doc_657	Doc_667	0
Doc_657	Doc_668	0
Doc_657	Doc_669	0
Doc_657	Doc_670	1
Doc_657	Doc_671	0
Doc_657	Doc_672	0
Doc_657	Doc_673	0
Doc_657	Doc_674	0
Doc_657	Doc_675	0
Doc_657	Doc_676	1
Doc_657	Doc_677	0
Doc_657	Doc_678	0
Doc_657	Doc_679	0
Doc_657	Doc_680	0
Doc_657	Doc_681	0
Doc_657	Doc_645	1
Doc_657	Doc_682	0
Doc_657	Doc_683	0
Doc_657	Doc_684	0
Doc_657	Doc_685	0
Doc_657	Doc_686	0
Doc_687	Doc_609	1
Doc_687	Doc_688	0
Doc_687	Doc_689	0
Doc_687	Doc_690	0
Doc_687	Doc_691	0
Doc_687	Doc_692	0
Doc_687	Doc_615	1
Doc_687	Doc_693	0
Doc_687	Doc_694	0
Doc_687	Doc_695	0
Doc_687	Doc_696	0
Doc_687	Doc_697	0
Doc_687	Doc_627	1
Doc_687	Doc_698	0
Doc_687	Doc_699	0
Doc_687	Doc_700	0
Doc_687	Doc_701	0
Doc_687	Doc_702	0
Doc_687	Doc_703	1
Doc_687	Doc_704	0
Doc_687	Doc_705	0
Doc_687	Doc_706	0
Doc_687	Doc_707	0
Doc_687	Doc_708	0
Doc_709	Doc_645	1
Doc_709	Doc_710	0
Doc_709	Doc_711	0
Doc_709	Doc_712	0
Doc_709	Doc_713	0
Doc_709	Doc_714	0
Doc_715	Doc_609	1
Doc_715	Doc_716	0
Doc_715	Doc_10	0
Doc_715	Doc_717	0
Doc_715	Doc_718	0
Doc_715	Doc_719	0
Doc_715	Doc_627	1
Doc_715	Doc_720	0
Doc_715	Doc_706	0
Doc_715	Doc_721	0
Doc_715	Doc_722	0
Doc_715	Doc_723	0
Doc_715	Doc_703	1
Doc_715	Doc_724	0
Doc_715	Doc_725	0
Doc_715	Doc_716	0
Doc_715	Doc_726	0
Doc_715	Doc_727	0
Doc_715	Doc_651	1
Doc_715	Doc_728	0
Doc_715	Doc_729	0
Doc_715	Doc_730	0
Doc_715	Doc_731	0
Doc_715	Doc_732	0
Doc_658	Doc_627	1
Doc_658	Doc_733	0
Doc_658	Doc_734	0
Doc_658	Doc_735	0
Doc_658	Doc_736	0
Doc_658	Doc_737	0
Doc_658	Doc_645	1
Doc_658	Doc_738	0
Doc_658	Doc_739	0
Doc_658	Doc_145	0
Doc_658	Doc_740	0
Doc_658	Doc_741	0
Doc_609	Doc_615	1
Doc_609	Doc_742	0
Doc_609	Doc_743	0
Doc_609	Doc_744	0
Doc_609	Doc_745	0
Doc_609	Doc_746	0
Doc_609	Doc_621	1
Doc_609	Doc_747	0
Doc_609	Doc_748	0
Doc_609	Doc_749	0
Doc_609	Doc_750	0
Doc_609	Doc_751	0
Doc_609	Doc_752	1
Doc_609	Doc_145	0
Doc_609	Doc_753	0
Doc_609	Doc_754	0
Doc_609	Doc_755	0
Doc_609	Doc_736	0
Doc_609	Doc_756	1
Doc_609	Doc_757	0
Doc_609	Doc_758	0
Doc_609	Doc_759	0
Doc_609	Doc_760	0
Doc_609	Doc_761	0
Doc_609	Doc_762	1
Doc_609	Doc_763	0
Doc_609	Doc_764	0
Doc_609	Doc_765	0
Doc_609	Doc_766	0
Doc_609	Doc_767	0
Doc_609	Doc_627	1
Doc_609	Doc_768	0
Doc_609	Doc_769	0
Doc_609	Doc_770	0
Doc_609	Doc_771	0
Doc_609	Doc_772	0
Doc_609	Doc_773	1
Doc_609	Doc_774	0
Doc_609	Doc_775	0
Doc_609	Doc_776	0
Doc_609	Doc_777	0
Doc_609	Doc_778	0
Doc_609	Doc_633	1
Doc_609	Doc_779	0
Doc_609	Doc_780	0
Doc_609	Doc_781	0
Doc_609	Doc_782	0
Doc_609	Doc_783	0
Doc_609	Doc_703	1
Doc_609	Doc_784	0
Doc_609	Doc_785	0
Doc_609	Doc_786	0
Doc_609	Doc_787	0
Doc_609	Doc_788	0
Doc_609	Doc_651	1
Doc_609	Doc_789	0
Doc_609	Doc_790	0
Doc_609	Doc_791	0
Doc_609	Doc_792	0
Doc_609	Doc_793	0
Doc_615	Doc_627	1
Doc_615	Doc_794	0
Doc_615	Doc_795	0
Doc_615	Doc_796	0
Doc_615	Doc_797	0
Doc_615	Doc_798	0
Doc_615	Doc_773	1
Doc_615	Doc_799	0
Doc_615	Doc_800	0
Doc_615	Doc_801	0
Doc_615	Doc_802	0
Doc_615	Doc_726	0
Doc_615	Doc_645	1
Doc_615	Doc_803	0
Doc_615	Doc_804	0
Doc_615	Doc_805	0
Doc_615	Doc_806	0
Doc_615	Doc_807	0
Doc_615	Doc_651	1
Doc_615	Doc_808	0
Doc_615	Doc_809	0
Doc_615	Doc_810	0
Doc_615	Doc_811	0
Doc_615	Doc_812	0
Doc_621	Doc_627	1
Doc_621	Doc_813	0
Doc_621	Doc_814	0
Doc_621	Doc_815	0
Doc_621	Doc_816	0
Doc_621	Doc_817	0
Doc_621	Doc_633	1
Doc_621	Doc_818	0
Doc_621	Doc_819	0
Doc_621	Doc_820	0
Doc_621	Doc_821	0
Doc_621	Doc_822	0
Doc_621	Doc_703	1
Doc_621	Doc_823	0
Doc_621	Doc_824	0
Doc_621	Doc_825	0
Doc_621	Doc_826	0
Doc_621	Doc_827	0
Doc_621	Doc_651	1
Doc_621	Doc_10	0
Doc_621	Doc_828	0
Doc_621	Doc_829	0
Doc_621	Doc_830	0
Doc_621	Doc_831	0
Doc_756	Doc_627	1
Doc_756	Doc_832	0
Doc_756	Doc_833	0
Doc_756	Doc_834	0
Doc_756	Doc_835	0
Doc_756	Doc_836	0
Doc_664	Doc_837	1
Doc_664	Doc_838	0
Doc_664	Doc_839	0
Doc_664	Doc_840	0
Doc_664	Doc_841	0
Doc_664	Doc_842	0
Doc_664	Doc_843	1
Doc_664	Doc_844	0
Doc_664	Doc_845	0
Doc_664	Doc_846	0
Doc_664	Doc_847	0
Doc_664	Doc_848	0
Doc_664	Doc_849	1
Doc_664	Doc_850	0
Doc_664	Doc_851	0
Doc_664	Doc_852	0
Doc_664	Doc_853	0
Doc_664	Doc_854	0
Doc_664	Doc_645	1
Doc_664	Doc_855	0
Doc_664	Doc_856	0
Doc_664	Doc_857	0
Doc_664	Doc_858	0
Doc_664	Doc_618	0
Doc_762	Doc_627	1
Doc_762	Doc_859	0
Doc_762	Doc_860	0
Doc_762	Doc_861	0
Doc_762	Doc_862	0
Doc_762	Doc_863	0
Doc_762	Doc_633	1
Doc_762	Doc_864	0
Doc_762	Doc_865	0
Doc_762	Doc_866	0
Doc_762	Doc_867	0
Doc_762	Doc_868	0
Doc_762	Doc_651	1
Doc_762	Doc_869	0
Doc_762	Doc_870	0
Doc_762	Doc_871	0
Doc_762	Doc_872	0
Doc_762	Doc_873	0
