Session_0	User_0	Doc_1	0
Session_0	User_0	Doc_2	0
Session_0	User_0	Doc_3	0
Session_0	User_0	Doc_4	0
Session_0	User_0	Doc_5	0
Session_0	User_0	Doc_6	1
Session_1	User_1	Doc_7	0
Session_1	User_1	Doc_8	1
Session_1	User_1	Doc_9	0
Session_1	User_1	Doc_10	0
Session_1	User_1	Doc_11	0
Session_1	User_1	Doc_12	0
Session_2	User_2	Doc_13	1
Session_2	User_2	Doc_14	0
Session_2	User_2	Doc_15	0
Session_2	User_2	Doc_16	0
Session_2	User_2	Doc_17	0
Session_2	User_2	Doc_18	0
Session_3	User_3	Doc_19	0
Session_3	User_3	Doc_20	0
Session_3	User_3	Doc_21	1
Session_3	User_3	Doc_22	0
Session_3	User_3	Doc_23	0
Session_3	User_3	Doc_24	0
Session_4	User_4	Doc_25	1
Session_4	User_4	Doc_26	0
Session_4	User_4	Doc_27	0
Session_4	User_4	Doc_28	0
Session_4	User_4	Doc_29	0
Session_4	User_4	Doc_30	0
Session_5	User_5	Doc_31	0
Session_5	User_5	Doc_32	0
Session_5	User_5	Doc_33	0
Session_5	User_5	Doc_34	0
Session_5	User_5	Doc_35	0
Session_5	User_5	Doc_36	1
Session_6	User_6	Doc_37	0
Session_6	User_6	Doc_38	0
Session_6	User_6	Doc_39	0
Session_6	User_6	Doc_40	0
Session_6	User_6	Doc_41	0
Session_6	User_6	Doc_42	1
Session_7	User_7	Doc_43	0
Session_7	User_7	Doc_44	0
Session_7	User_7	Doc_45	0
Session_7	User_7	Doc_46	0
Session_7	User_7	Doc_47	1
Session_7	User_7	Doc_48	0
Session_8	User_8	Doc_5	0
Session_8	User_8	Doc_49	0
Session_8	User_8	Doc_50	0
Session_8	User_8	Doc_51	0
Session_8	User_8	Doc_52	0
Session_8	User_8	Doc_53	1
Session_9	User_9	Doc_54	0
Session_9	User_9	Doc_55	0
Session_9	User_9	Doc_56	0
Session_9	User_9	Doc_57	1
Session_9	User_9	Doc_58	0
Session_9	User_9	Doc_59	0
Session_10	User_10	Doc_60	1
Session_10	User_10	Doc_61	0
Session_10	User_10	Doc_62	0
Session_10	User_10	Doc_12	0
Session_10	User_10	Doc_63	0
Session_10	User_10	Doc_64	0
Session_11	User_11	Doc_65	0
Session_11	User_11	Doc_66	0
Session_11	User_11	Doc_67	0
Session_11	User_11	Doc_68	1
Session_11	User_11	Doc_69	0
Session_11	User_11	Doc_70	0
Session_12	User_12	Doc_71	0
Session_12	User_12	Doc_72	0
Session_12	User_12	Doc_73	0
Session_12	User_12	Doc_74	0
Session_12	User_12	Doc_75	1
Session_12	User_12	Doc_76	0
Session_13	User_13	Doc_77	0
Session_13	User_13	Doc_12	0
Session_13	User_13	Doc_78	0
Session_13	User_13	Doc_18	1
Session_13	User_13	Doc_79	0
Session_13	User_13	Doc_80	0
Session_14	User_14	Doc_81	0
Session_14	User_14	Doc_78	0
Session_14	User_14	Doc_82	0
Session_14	User_14	Doc_83	0
Session_14	User_14	Doc_84	1
Session_14	User_14	Doc_85	0
Session_15	User_15	Doc_86	0
Session_15	User_15	Doc_63	0
Session_15	User_15	Doc_87	1
Session_15	User_15	Doc_88	0
Session_15	User_15	Doc_89	0
Session_15	User_15	Doc_78	0
Session_16	User_16	Doc_90	0
Session_16	User_16	Doc_91	0
Session_16	User_16	Doc_92	1
Session_16	User_16	Doc_93	0
Session_16	User_16	Doc_94	0
Session_16	User_16	Doc_95	0
Session_17	User_17	Doc_96	0
Session_17	User_17	Doc_97	0
Session_17	User_17	Doc_98	0
Session_17	User_17	Doc_99	1
Session_17	User_17	Doc_100	0
Session_17	User_17	Doc_101	0
Session_18	User_18	Doc_102	1
Session_18	User_18	Doc_103	0
Session_18	User_18	Doc_104	0
Session_18	User_18	Doc_105	0
Session_18	User_18	Doc_106	0
Session_18	User_18	Doc_107	0
Session_19	User_19	Doc_108	0
Session_19	User_19	Doc_88	0
Session_19	User_19	Doc_109	0
Session_19	User_19	Doc_110	1
Session_19	User_19	Doc_111	0
Session_19	User_19	Doc_112	0
