User_1	Doc_2198 Doc_2199 Doc_2200 Doc_2201 Doc_2202 Doc_2203 Doc_2204 Doc_1609 Doc_2205 Doc_2206 Doc_2207 Doc_2208 Doc_2209 Doc_2210 Doc_2211 Doc_2212 Doc_2213 Doc_2214 Doc_2215 Doc_1445 Doc_2216 Doc_2217 Doc_2218 Doc_2219 Doc_2220 Doc_2221 Doc_2222 Doc_2223 Doc_2224 Doc_2225 Doc_2226 Doc_2227
User_17	Doc_2228 Doc_1994 Doc_2229 Doc_2230 Doc_2231 Doc_2232 Doc_2233 Doc_2234 Doc_2235 Doc_715 Doc_639 Doc_2236 Doc_2237 Doc_2238 Doc_2239 Doc_2240 Doc_2241 Doc_2242 Doc_2243 Doc_2244 Doc_2245 Doc_2246 Doc_2247 Doc_2248
User_23	Doc_2249 Doc_2250 Doc_2251 Doc_2252 Doc_1093 Doc_1219 Doc_2253 Doc_2254 Doc_1571 Doc_2255 Doc_2256 Doc_2257 Doc_1615 Doc_2258 Doc_2259 Doc_2260 Doc_2261 Doc_2262 Doc_2263 Doc_2264 Doc_2265 Doc_2266 Doc_2267 Doc_2268 Doc_2269 Doc_2270 Doc_2271 Doc_2272 Doc_2273 Doc_1281 Doc_2274 Doc_2275 Doc_2276 Doc_2277 Doc_2278 Doc_2279 Doc_2280 Doc_2281 Doc_2282 Doc_2283 Doc_2242 Doc_2284 Doc_2285 Doc_2286 Doc_2287 Doc_2288 Doc_2289 Doc_2290 Doc_2291 Doc_2292 Doc_2293 Doc_2294 Doc_2295 Doc_2296 Doc_2297 Doc_2298 Doc_2299 Doc_2300 Doc_2301 Doc_2302 Doc_2303 Doc_2304 Doc_2305 Doc_2306 Doc_2307
User_12	Doc_2308 Doc_2309 Doc_2252 Doc_2310 Doc_2251 Doc_2311 Doc_2312 Doc_2313 Doc_2314 Doc_2315 Doc_2316 Doc_2317 Doc_2318 Doc_825 Doc_2288 Doc_2319 Doc_2320 Doc_2321 Doc_2322 Doc_2291 Doc_2297 Doc_2323 Doc_2298 Doc_2324 Doc_2325 Doc_2326 Doc_2327 Doc_2328 Doc_2329 Doc_2330 Doc_2331 Doc_2332 Doc_1301 Doc_2333 Doc_2334
User_2	Doc_2335 Doc_2336 Doc_2337 Doc_1451 Doc_2338 Doc_2339 Doc_2340 Doc_2341
User_5	Doc_2342 Doc_2254 Doc_2343 Doc_1256 Doc_2344
User_20	Doc_2345 Doc_2346 Doc_2347 Doc_2348 Doc_2349 Doc_2350 Doc_2351 Doc_2352 Doc_2353 Doc_2354 Doc_2355 Doc_2356 Doc_2357 Doc_2358 Doc_2359 Doc_2360 Doc_2361 Doc_2362 Doc_576 Doc_2363 Doc_2320 Doc_2364 Doc_2365 Doc_2281 Doc_2366 Doc_2367
User_22	Doc_2294 Doc_2368 Doc_2369 Doc_2370 Doc_2371 Doc_2372 Doc_2373 Doc_2374
User_14	Doc_1633 Doc_2375 Doc_2376 Doc_2377 Doc_2378 Doc_2379 Doc_2380 Doc_2381 Doc_1228 Doc_2382 Doc_1942 Doc_957 Doc_2383 Doc_2384 Doc_2315 Doc_2385 Doc_2386 Doc_2387 Doc_2388 Doc_2389 Doc_2390 Doc_2391 Doc_615 Doc_2392 Doc_2393 Doc_2394
User_0	Doc_2228 Doc_2395 Doc_2396 Doc_2231 Doc_2397 Doc_2398 Doc_2399 Doc_2200 Doc_2400 Doc_2401 Doc_2402 Doc_2403 Doc_1310 Doc_2404 Doc_2405 Doc_2406 Doc_2407 Doc_2408 Doc_2409 Doc_2410 Doc_2411 Doc_2412 Doc_2413 Doc_2414 Doc_2415 Doc_2416 Doc_2417 Doc_2418 Doc_2419 Doc_2420 Doc_2421 Doc_2422 Doc_2423 Doc_2424 Doc_2425 Doc_2426 Doc_2427 Doc_1110 Doc_2428 Doc_2429 Doc_2430 Doc_2431 Doc_2432 Doc_2433 Doc_2434 Doc_2242 Doc_2435 Doc_2436 Doc_2437 Doc_2438 Doc_2439 Doc_1574 Doc_2440 Doc_2441 Doc_2442 Doc_2297 Doc_2443 Doc_2444 Doc_2445 Doc_2446 Doc_2447 Doc_2448 Doc_2449 Doc_2450 Doc_2451 Doc_2293 Doc_2452 Doc_2453 Doc_2454 Doc_2455 Doc_2456 Doc_2457 Doc_2458 Doc_2303 Doc_2301 Doc_2459 Doc_2460 Doc_2461 Doc_2462 Doc_2463 Doc_2464 Doc_2302 Doc_2465 Doc_2466 Doc_2467 Doc_2468 Doc_2301 Doc_2469 Doc_2470 Doc_2471 Doc_2225 Doc_2472 Doc_2473 Doc_2245
User_4	Doc_2474 Doc_2475 Doc_2476 Doc_2477 Doc_2478
User_10	Doc_2312 Doc_2479 Doc_2199 Doc_1593 Doc_2480 Doc_2481 Doc_2482 Doc_2483 Doc_2484 Doc_608 Doc_2485 Doc_2486 Doc_2487 Doc_2488 Doc_2489 Doc_2489 Doc_2490 Doc_2491 Doc_2492 Doc_1369 Doc_2493 Doc_2494 Doc_2495 Doc_2496 Doc_1320 Doc_2497 Doc_2316 Doc_2236 Doc_2498 Doc_2499 Doc_2500 Doc_2501 Doc_2502 Doc_2503 Doc_2327 Doc_2504 Doc_2505 Doc_1380 Doc_2372 Doc_2506 Doc_2247
User_7	Doc_2507 Doc_2508 Doc_609 Doc_627 Doc_2509 Doc_2510 Doc_2357 Doc_2511 Doc_2512 Doc_2513 Doc_1194 Doc_1397 Doc_2514 Doc_2515 Doc_2516 Doc_2517 Doc_2518
User_16	Doc_1579 Doc_2519 Doc_2411 Doc_1566 Doc_2520 Doc_2521 Doc_2522 Doc_2523 Doc_2524 Doc_2353 Doc_2525 Doc_2526
User_6	Doc_2251 Doc_2527 Doc_2528 Doc_2529 Doc_2530 Doc_2343 Doc_2531 Doc_2532 Doc_2350 Doc_2533 Doc_2290 Doc_2534 Doc_2473 Doc_2535 Doc_2536
User_21	Doc_2537 Doc_2538 Doc_2539 Doc_2540 Doc_2541 Doc_2542 Doc_2543 Doc_2544 Doc_2545 Doc_2546 Doc_2547 Doc_2548 Doc_1615 Doc_2209 Doc_2422 Doc_2549 Doc_2550 Doc_2551 Doc_2552 Doc_2553 Doc_2554 Doc_2555 Doc_2556 Doc_2557 Doc_1466 Doc_2558 Doc_2559 Doc_2560 Doc_2561 Doc_2169 Doc_1689 Doc_2562 Doc_2563 Doc_658 Doc_2564 Doc_2565 Doc_2566 Doc_2567 Doc_1631 Doc_2568 Doc_2569 Doc_609 Doc_2570 Doc_2571 Doc_2572 Doc_2573 Doc_2574 Doc_2575 Doc_2354 Doc_2576 Doc_1320 Doc_2577 Doc_2578 Doc_2579 Doc_2580 Doc_2581 Doc_2463 Doc_2582 Doc_2583 Doc_2461 Doc_2369 Doc_2584 Doc_2462 Doc_2585 Doc_2586 Doc_2587 Doc_2588 Doc_2589 Doc_2590 Doc_1380 Doc_2591 Doc_2592 Doc_2593 Doc_2594 Doc_2595 Doc_2596 Doc_1289 Doc_2597 Doc_2598 Doc_2599 Doc_2600 Doc_2601 Doc_2602 Doc_2603 Doc_2604 Doc_2605 Doc_2606 Doc_2227 Doc_2475 Doc_2607 Doc_2608 Doc_1596 Doc_2609
User_9	Doc_2610 Doc_2199 Doc_2611 Doc_2426 Doc_2612 Doc_2613 Doc_608 Doc_2614 Doc_651 Doc_142 Doc_2560 Doc_1689 Doc_2613 Doc_2615 Doc_2616 Doc_2617 Doc_1375 Doc_2353 Doc_2618 Doc_2236 Doc_2619 Doc_2620 Doc_2242 Doc_2621 Doc_2367 Doc_1231 Doc_2446 Doc_2622 Doc_2455 Doc_2623 Doc_2464 Doc_2624 Doc_2625 Doc_2626 Doc_2593 Doc_2627 Doc_2628 Doc_2629 Doc_2630 Doc_2631 Doc_2632 Doc_2633
User_13	Doc_2634 Doc_2635 Doc_2636 Doc_2637 Doc_2638 Doc_2639 Doc_2377 Doc_2640 Doc_2641 Doc_2642 Doc_2643 Doc_2644 Doc_2645 Doc_2646 Doc_2376 Doc_2647 Doc_2229 Doc_1609 Doc_2648 Doc_2649 Doc_2650 Doc_2651 Doc_2652 Doc_2554 Doc_2653 Doc_2654 Doc_2482 Doc_2655 Doc_2656 Doc_2657 Doc_2658 Doc_2659 Doc_2660 Doc_2656 Doc_2661 Doc_2662 Doc_2663 Doc_1256 Doc_1942 Doc_2664 Doc_2665 Doc_2666 Doc_2337 Doc_2667 Doc_2668 Doc_2383 Doc_2336 Doc_2669 Doc_2670 Doc_2671 Doc_2672 Doc_2673 Doc_2674 Doc_2675 Doc_2676 Doc_2677 Doc_2678 Doc_2559 Doc_2679 Doc_2512 Doc_608 Doc_2680 Doc_2681 Doc_2511 Doc_1631 Doc_2682 Doc_2683 Doc_2684 Doc_2685 Doc_2686 Doc_2670 Doc_2687 Doc_2688 Doc_2689 Doc_2690 Doc_1271 Doc_1304 Doc_2691 Doc_2692 Doc_2693 Doc_2694 Doc_2695 Doc_2696 Doc_2697 Doc_2698 Doc_2699 Doc_2700 Doc_2346 Doc_2701 Doc_2702 Doc_2703 Doc_2704 Doc_2705 Doc_2706 Doc_2707 Doc_2708 Doc_2356 Doc_2515 Doc_2709 Doc_2710 Doc_1645 Doc_2711 Doc_2296 Doc_2712 Doc_2281 Doc_2713 Doc_2714 Doc_2715 Doc_2716 Doc_2717 Doc_2718 Doc_2719 Doc_2720 Doc_2524 Doc_2721 Doc_843 Doc_2722 Doc_2723 Doc_2724 Doc_2725 Doc_2726 Doc_2727 Doc_2533 Doc_1550 Doc_2728 Doc_2729 Doc_2584 Doc_2730 Doc_2436 Doc_2731 Doc_2732 Doc_2293 Doc_2733 Doc_2734 Doc_2735 Doc_2608 Doc_2736 Doc_2737 Doc_2738 Doc_2739 Doc_2740 Doc_1231 Doc_2741 Doc_2742 Doc_2743 Doc_2744 Doc_2447 Doc_2745 Doc_2746 Doc_2222 Doc_2747 Doc_1380 Doc_2450 Doc_2748 Doc_1119 Doc_2726 Doc_2749 Doc_2750 Doc_2751 Doc_2752 Doc_2753 Doc_2321 Doc_2754 Doc_2755 Doc_2756 Doc_2757 Doc_2758 Doc_2759 Doc_2760 Doc_1391 Doc_2293 Doc_2761 Doc_2762 Doc_2763 Doc_2764 Doc_2449 Doc_2765 Doc_2766 Doc_2767 Doc_2768 Doc_2590 Doc_2769 Doc_2770 Doc_2771 Doc_2772 Doc_2773 Doc_2774 Doc_2775 Doc_2444 Doc_2776 Doc_2777 Doc_2778 Doc_93 Doc_2779 Doc_2303 Doc_2780 Doc_2781 Doc_2782 Doc_2783 Doc_2784 Doc_2785 Doc_2786 Doc_2787 Doc_2788 Doc_2789 Doc_2790 Doc_1567 Doc_2791 Doc_615 Doc_2307 Doc_2792 Doc_2793 Doc_2794 Doc_2795 Doc_2796 Doc_2584 Doc_2370 Doc_2797 Doc_2798 Doc_2799 Doc_2800 Doc_112 Doc_2801 Doc_2802 Doc_2803 Doc_1370 Doc_2804 Doc_2805 Doc_2806 Doc_2807 Doc_1537 Doc_90 Doc_2808
User_18	Doc_2809 Doc_2407 Doc_2810 Doc_2405 Doc_2811 Doc_2812 Doc_2538 Doc_2813 Doc_2814 Doc_2527 Doc_2815 Doc_2229 Doc_2253 Doc_2816 Doc_2424 Doc_2817 Doc_2818 Doc_2819 Doc_2820 Doc_2659 Doc_2821 Doc_2411 Doc_2822 Doc_2823 Doc_2554 Doc_2434 Doc_2824 Doc_2429 Doc_2825 Doc_2825 Doc_2826 Doc_2827 Doc_2828 Doc_2829 Doc_2830 Doc_2336 Doc_2831
User_11	Doc_2832 Doc_2833 Doc_2834 Doc_2835 Doc_2836 Doc_2837 Doc_2838 Doc_2839 Doc_2840 Doc_1593 Doc_2841 Doc_2842 Doc_2843 Doc_2844 Doc_2845 Doc_2846 Doc_2847 Doc_2848 Doc_2849 Doc_2850 Doc_1228 Doc_2482 Doc_2851 Doc_2852 Doc_1543 Doc_2853 Doc_2854 Doc_2855 Doc_2487 Doc_2856 Doc_2857 Doc_2858 Doc_2612 Doc_2697 Doc_2340 Doc_2859 Doc_2860 Doc_2861
User_3	Doc_2862 Doc_2863 Doc_2864 Doc_2865 Doc_2866 Doc_2867 Doc_2868 Doc_2869 Doc_2870 Doc_1096 Doc_2871 Doc_2292 Doc_2872 Doc_2873 Doc_2874 Doc_2875
User_15	Doc_2811 Doc_1593 Doc_2228 Doc_2405 Doc_2612 Doc_2132 Doc_2876 Doc_2702 Doc_2877
User_8	Doc_2855 Doc_2257 Doc_2426 Doc_2849 Doc_1190 Doc_1508 Doc_2316 Doc_2276 Doc_2498 Doc_2878 Doc_2879 Doc_2585
User_19	Doc_2254 Doc_2880 Doc_2399 Doc_2881 Doc_1421 Doc_2882 Doc_1593 Doc_2883 Doc_2884 Doc_737 Doc_2885 Doc_2886 Doc_2887 Doc_2888 Doc_2865 Doc_2889 Doc_1579 Doc_2854 Doc_2855 Doc_2424 Doc_1249 Doc_2890 Doc_2891 Doc_2892 Doc_2893 Doc_2894 Doc_2895 Doc_2500 Doc_2896 Doc_2897 Doc_2898 Doc_2899 Doc_2900 Doc_2901 Doc_2902 Doc_2903 Doc_2904 Doc_2905 Doc_2859 Doc_2906 Doc_2442 Doc_2907 Doc_1301 Doc_1470 Doc_2448 Doc_2908 Doc_2909 Doc_2372 Doc_2910
